model,cv_accuracy_mean,cv_accuracy_std,cv_macro_f1_mean,cv_macro_f1_std
rf,0.2722222222222222,0.02459549291242073,0.15217599678876964,0.02655306967024972
hgb,0.24,0.02927097749404331,0.15222235811166387,0.01726685883952758
