fold,accuracy,macro_f1
1,1.0,1.0
2,0.6666666666666666,0.7222222222222222
3,1.0,1.0
4,1.0,1.0
5,1.0,1.0
