fold,accuracy,macro_f1
1,0.28444444444444444,0.07381776239907728
2,0.29333333333333333,0.08543581175160124
