fold,accuracy,macro_f1
1,0.28444444444444444,0.07381776239907728
2,0.2866666666666667,0.07426597582037996
